email_address,first_name,last_name,signup_date,status,user_id
user1@example.com,Name1,Last1,2023-07-24 14:07:22.323296,subscribed,UID1
user2@example.com,Name2,Last2,2024-04-19 14:07:22.323296,cleaned,UID2
user3@example.com,Name3,Last3,2024-06-03 14:07:22.323296,subscribed,UID3
user4@example.com,Name4,Last4,2024-01-27 14:07:22.323296,subscribed,UID4
user5@example.com,Name5,Last5,2024-02-11 14:07:22.323296,subscribed,UID5
user6@example.com,Name6,Last6,2024-02-22 14:07:22.323296,subscribed,UID6
user7@example.com,Name7,Last7,2024-04-05 14:07:22.323296,subscribed,UID7
user8@example.com,Name8,Last8,2024-04-24 14:07:22.323296,unsubscribed,UID8
user9@example.com,Name9,Last9,2023-07-05 14:07:22.323296,subscribed,UID9
user10@example.com,Name10,Last10,2023-09-10 14:07:22.323296,subscribed,UID10
user11@example.com,Name11,Last11,2024-05-02 14:07:22.323296,subscribed,UID11
user12@example.com,Name12,Last12,2023-08-18 14:07:22.323296,cleaned,UID12
user13@example.com,Name13,Last13,2023-11-12 14:07:22.323296,subscribed,UID13
user14@example.com,Name14,Last14,2024-05-30 14:07:22.323296,subscribed,UID14
user15@example.com,Name15,Last15,2024-05-31 14:07:22.323296,subscribed,UID15
user16@example.com,Name16,Last16,2024-04-29 14:07:22.323296,subscribed,UID16
user17@example.com,Name17,Last17,2024-02-25 14:07:22.323296,subscribed,UID17
user18@example.com,Name18,Last18,2024-02-17 14:07:22.323296,subscribed,UID18
user19@example.com,Name19,Last19,2023-10-01 14:07:22.323296,subscribed,UID19
user20@example.com,Name20,Last20,2023-08-12 14:07:22.323296,subscribed,UID20
user21@example.com,Name21,Last21,2024-06-02 14:07:22.323296,subscribed,UID21
user22@example.com,Name22,Last22,2023-09-02 14:07:22.323296,subscribed,UID22
user23@example.com,Name23,Last23,2024-03-06 14:07:22.323296,subscribed,UID23
user24@example.com,Name24,Last24,2023-07-19 14:07:22.323296,subscribed,UID24
user25@example.com,Name25,Last25,2023-06-22 14:07:22.323296,subscribed,UID25
user26@example.com,Name26,Last26,2023-09-10 14:07:22.323296,subscribed,UID26
user27@example.com,Name27,Last27,2023-11-14 14:07:22.323296,subscribed,UID27
user28@example.com,Name28,Last28,2024-02-24 14:07:22.323296,subscribed,UID28
user29@example.com,Name29,Last29,2023-10-30 14:07:22.323296,subscribed,UID29
user30@example.com,Name30,Last30,2023-08-19 14:07:22.323296,subscribed,UID30
user31@example.com,Name31,Last31,2024-01-25 14:07:22.323296,subscribed,UID31
user32@example.com,Name32,Last32,2024-06-12 14:07:22.323296,subscribed,UID32
user33@example.com,Name33,Last33,2024-03-26 14:07:22.323296,subscribed,UID33
user34@example.com,Name34,Last34,2023-06-24 14:07:22.323296,unsubscribed,UID34
user35@example.com,Name35,Last35,2023-11-12 14:07:22.323296,cleaned,UID35
user36@example.com,Name36,Last36,2023-12-24 14:07:22.323296,subscribed,UID36
user37@example.com,Name37,Last37,2024-01-25 14:07:22.323296,subscribed,UID37
user38@example.com,Name38,Last38,2024-03-28 14:07:22.323296,subscribed,UID38
user39@example.com,Name39,Last39,2024-02-26 14:07:22.323296,subscribed,UID39
user40@example.com,Name40,Last40,2023-12-26 14:07:22.323296,subscribed,UID40
user41@example.com,Name41,Last41,2024-04-24 14:07:22.323296,subscribed,UID41
user42@example.com,Name42,Last42,2024-04-29 14:07:22.323296,subscribed,UID42
user43@example.com,Name43,Last43,2023-12-04 14:07:22.323296,subscribed,UID43
user44@example.com,Name44,Last44,2024-04-27 14:07:22.323296,unsubscribed,UID44
user45@example.com,Name45,Last45,2023-12-15 14:07:22.323296,subscribed,UID45
user46@example.com,Name46,Last46,2023-12-22 14:07:22.323296,subscribed,UID46
user47@example.com,Name47,Last47,2023-08-11 14:07:22.323296,subscribed,UID47
user48@example.com,Name48,Last48,2024-02-01 14:07:22.323296,subscribed,UID48
user49@example.com,Name49,Last49,2024-05-24 14:07:22.323296,subscribed,UID49
user50@example.com,Name50,Last50,2023-10-24 14:07:22.323296,subscribed,UID50
user51@example.com,Name51,Last51,2023-09-15 14:07:22.323296,cleaned,UID51
user52@example.com,Name52,Last52,2024-04-13 14:07:22.323296,subscribed,UID52
user53@example.com,Name53,Last53,2023-12-05 14:07:22.323296,unsubscribed,UID53
user54@example.com,Name54,Last54,2024-05-06 14:07:22.323296,unsubscribed,UID54
user55@example.com,Name55,Last55,2023-09-07 14:07:22.323296,subscribed,UID55
user56@example.com,Name56,Last56,2024-01-17 14:07:22.323296,unsubscribed,UID56
user57@example.com,Name57,Last57,2023-07-30 14:07:22.323296,subscribed,UID57
user58@example.com,Name58,Last58,2023-08-04 14:07:22.323296,subscribed,UID58
user59@example.com,Name59,Last59,2023-12-13 14:07:22.323296,subscribed,UID59
user60@example.com,Name60,Last60,2023-08-25 14:07:22.323296,subscribed,UID60
user61@example.com,Name61,Last61,2024-03-09 14:07:22.323296,subscribed,UID61
user62@example.com,Name62,Last62,2023-06-21 14:07:22.323296,subscribed,UID62
user63@example.com,Name63,Last63,2024-05-11 14:07:22.323296,subscribed,UID63
user64@example.com,Name64,Last64,2024-05-23 14:07:22.323296,subscribed,UID64
user65@example.com,Name65,Last65,2023-07-13 14:07:22.323296,subscribed,UID65
user66@example.com,Name66,Last66,2024-02-20 14:07:22.323296,subscribed,UID66
user67@example.com,Name67,Last67,2024-01-19 14:07:22.323296,subscribed,UID67
user68@example.com,Name68,Last68,2024-05-06 14:07:22.323296,subscribed,UID68
user69@example.com,Name69,Last69,2024-02-17 14:07:22.323296,subscribed,UID69
user70@example.com,Name70,Last70,2024-04-25 14:07:22.323296,cleaned,UID70
user71@example.com,Name71,Last71,2023-12-04 14:07:22.323296,subscribed,UID71
user72@example.com,Name72,Last72,2024-01-25 14:07:22.323296,subscribed,UID72
user73@example.com,Name73,Last73,2023-10-27 14:07:22.323296,subscribed,UID73
user74@example.com,Name74,Last74,2023-07-26 14:07:22.323296,subscribed,UID74
user75@example.com,Name75,Last75,2023-12-12 14:07:22.323296,subscribed,UID75
user76@example.com,Name76,Last76,2024-03-24 14:07:22.323296,subscribed,UID76
user77@example.com,Name77,Last77,2023-12-09 14:07:22.323296,subscribed,UID77
user78@example.com,Name78,Last78,2023-12-17 14:07:22.323296,subscribed,UID78
user79@example.com,Name79,Last79,2024-02-29 14:07:22.323296,subscribed,UID79
user80@example.com,Name80,Last80,2023-07-08 14:07:22.323296,subscribed,UID80
user81@example.com,Name81,Last81,2024-01-31 14:07:22.323296,unsubscribed,UID81
user82@example.com,Name82,Last82,2023-06-22 14:07:22.323296,subscribed,UID82
user83@example.com,Name83,Last83,2023-07-02 14:07:22.323296,subscribed,UID83
user84@example.com,Name84,Last84,2023-07-20 14:07:22.323296,subscribed,UID84
user85@example.com,Name85,Last85,2024-05-10 14:07:22.323296,subscribed,UID85
user86@example.com,Name86,Last86,2023-08-09 14:07:22.323296,subscribed,UID86
user87@example.com,Name87,Last87,2023-07-26 14:07:22.323296,subscribed,UID87
user88@example.com,Name88,Last88,2024-03-20 14:07:22.323296,subscribed,UID88
user89@example.com,Name89,Last89,2023-09-16 14:07:22.323296,unsubscribed,UID89
user90@example.com,Name90,Last90,2024-02-11 14:07:22.323296,subscribed,UID90
user91@example.com,Name91,Last91,2024-03-24 14:07:22.323296,subscribed,UID91
user92@example.com,Name92,Last92,2023-10-23 14:07:22.323296,subscribed,UID92
user93@example.com,Name93,Last93,2023-12-04 14:07:22.323296,subscribed,UID93
user94@example.com,Name94,Last94,2024-01-29 14:07:22.323296,subscribed,UID94
user95@example.com,Name95,Last95,2023-07-24 14:07:22.323296,subscribed,UID95
user96@example.com,Name96,Last96,2023-06-29 14:07:22.323296,subscribed,UID96
user97@example.com,Name97,Last97,2023-09-04 14:07:22.323296,subscribed,UID97
user98@example.com,Name98,Last98,2024-02-24 14:07:22.323296,subscribed,UID98
user99@example.com,Name99,Last99,2023-07-01 14:07:22.323296,subscribed,UID99
user100@example.com,Name100,Last100,2024-01-01 14:07:22.323296,subscribed,UID100
user101@example.com,Name101,Last101,2024-05-18 14:07:22.323296,subscribed,UID101
user102@example.com,Name102,Last102,2024-02-19 14:07:22.323296,subscribed,UID102
user103@example.com,Name103,Last103,2024-05-30 14:07:22.323296,subscribed,UID103
user104@example.com,Name104,Last104,2024-01-06 14:07:22.323296,subscribed,UID104
user105@example.com,Name105,Last105,2023-11-23 14:07:22.323296,unsubscribed,UID105
user106@example.com,Name106,Last106,2024-01-30 14:07:22.323296,subscribed,UID106
user107@example.com,Name107,Last107,2024-05-13 14:07:22.323296,subscribed,UID107
user108@example.com,Name108,Last108,2024-02-28 14:07:22.323296,subscribed,UID108
user109@example.com,Name109,Last109,2023-08-30 14:07:22.323296,subscribed,UID109
user110@example.com,Name110,Last110,2024-01-06 14:07:22.323296,subscribed,UID110
user111@example.com,Name111,Last111,2024-02-28 14:07:22.323296,subscribed,UID111
user112@example.com,Name112,Last112,2023-07-16 14:07:22.323296,subscribed,UID112
user113@example.com,Name113,Last113,2023-10-04 14:07:22.323296,unsubscribed,UID113
user114@example.com,Name114,Last114,2023-11-26 14:07:22.323296,subscribed,UID114
user115@example.com,Name115,Last115,2023-07-22 14:07:22.323296,subscribed,UID115
user116@example.com,Name116,Last116,2023-10-25 14:07:22.323296,unsubscribed,UID116
user117@example.com,Name117,Last117,2024-04-03 14:07:22.323296,subscribed,UID117
user118@example.com,Name118,Last118,2024-02-01 14:07:22.323296,subscribed,UID118
user119@example.com,Name119,Last119,2024-04-05 14:07:22.323296,unsubscribed,UID119
user120@example.com,Name120,Last120,2024-02-10 14:07:22.323296,subscribed,UID120
user121@example.com,Name121,Last121,2023-09-02 14:07:22.323296,subscribed,UID121
user122@example.com,Name122,Last122,2023-09-14 14:07:22.323296,unsubscribed,UID122
user123@example.com,Name123,Last123,2024-02-02 14:07:22.323296,subscribed,UID123
user124@example.com,Name124,Last124,2023-08-21 14:07:22.323296,subscribed,UID124
user125@example.com,Name125,Last125,2023-11-09 14:07:22.323296,subscribed,UID125
user126@example.com,Name126,Last126,2023-08-22 14:07:22.323296,subscribed,UID126
user127@example.com,Name127,Last127,2023-11-24 14:07:22.323296,subscribed,UID127
user128@example.com,Name128,Last128,2023-12-13 14:07:22.323296,unsubscribed,UID128
user129@example.com,Name129,Last129,2024-02-24 14:07:22.323296,subscribed,UID129
user130@example.com,Name130,Last130,2024-04-06 14:07:22.323296,subscribed,UID130
user131@example.com,Name131,Last131,2023-09-29 14:07:22.323296,subscribed,UID131
user132@example.com,Name132,Last132,2023-10-07 14:07:22.323296,subscribed,UID132
user133@example.com,Name133,Last133,2024-04-30 14:07:22.323296,subscribed,UID133
user134@example.com,Name134,Last134,2024-05-22 14:07:22.323296,subscribed,UID134
user135@example.com,Name135,Last135,2024-04-20 14:07:22.323296,unsubscribed,UID135
user136@example.com,Name136,Last136,2024-03-29 14:07:22.323296,subscribed,UID136
user137@example.com,Name137,Last137,2023-07-30 14:07:22.323296,subscribed,UID137
user138@example.com,Name138,Last138,2024-03-26 14:07:22.323296,subscribed,UID138
user139@example.com,Name139,Last139,2023-07-03 14:07:22.323296,subscribed,UID139
user140@example.com,Name140,Last140,2023-11-12 14:07:22.323296,cleaned,UID140
user141@example.com,Name141,Last141,2023-08-15 14:07:22.323296,cleaned,UID141
user142@example.com,Name142,Last142,2024-05-14 14:07:22.323296,subscribed,UID142
user143@example.com,Name143,Last143,2023-12-01 14:07:22.323296,subscribed,UID143
user144@example.com,Name144,Last144,2023-12-03 14:07:22.323296,subscribed,UID144
user145@example.com,Name145,Last145,2023-08-15 14:07:22.323296,subscribed,UID145
user146@example.com,Name146,Last146,2023-10-20 14:07:22.323296,subscribed,UID146
user147@example.com,Name147,Last147,2023-09-19 14:07:22.323296,subscribed,UID147
user148@example.com,Name148,Last148,2024-02-08 14:07:22.323296,subscribed,UID148
user149@example.com,Name149,Last149,2023-09-06 14:07:22.323296,subscribed,UID149
user150@example.com,Name150,Last150,2024-06-10 14:07:22.323296,subscribed,UID150
user151@example.com,Name151,Last151,2023-07-03 14:07:22.323296,unsubscribed,UID151
user152@example.com,Name152,Last152,2024-04-18 14:07:22.323296,subscribed,UID152
user153@example.com,Name153,Last153,2023-07-02 14:07:22.323296,subscribed,UID153
user154@example.com,Name154,Last154,2023-09-15 14:07:22.323296,subscribed,UID154
user155@example.com,Name155,Last155,2024-01-31 14:07:22.323296,cleaned,UID155
user156@example.com,Name156,Last156,2023-07-23 14:07:22.323296,subscribed,UID156
user157@example.com,Name157,Last157,2023-12-24 14:07:22.323296,subscribed,UID157
user158@example.com,Name158,Last158,2024-04-19 14:07:22.323296,subscribed,UID158
user159@example.com,Name159,Last159,2024-01-17 14:07:22.323296,subscribed,UID159
user160@example.com,Name160,Last160,2023-11-06 14:07:22.323296,subscribed,UID160
user161@example.com,Name161,Last161,2024-03-27 14:07:22.323296,subscribed,UID161
user162@example.com,Name162,Last162,2023-10-27 14:07:22.323296,subscribed,UID162
user163@example.com,Name163,Last163,2024-06-14 14:07:22.323296,subscribed,UID163
user164@example.com,Name164,Last164,2024-02-02 14:07:22.323296,subscribed,UID164
user165@example.com,Name165,Last165,2023-10-03 14:07:22.323296,subscribed,UID165
user166@example.com,Name166,Last166,2024-03-16 14:07:22.323296,subscribed,UID166
user167@example.com,Name167,Last167,2023-09-30 14:07:22.323296,subscribed,UID167
user168@example.com,Name168,Last168,2024-04-22 14:07:22.323296,subscribed,UID168
user169@example.com,Name169,Last169,2023-07-31 14:07:22.323296,subscribed,UID169
user170@example.com,Name170,Last170,2024-01-15 14:07:22.323296,subscribed,UID170
user171@example.com,Name171,Last171,2023-07-24 14:07:22.323296,subscribed,UID171
user172@example.com,Name172,Last172,2023-09-30 14:07:22.323296,subscribed,UID172
user173@example.com,Name173,Last173,2023-08-09 14:07:22.323296,subscribed,UID173
user174@example.com,Name174,Last174,2024-03-06 14:07:22.323296,subscribed,UID174
user175@example.com,Name175,Last175,2024-03-29 14:07:22.323296,subscribed,UID175
user176@example.com,Name176,Last176,2023-12-07 14:07:22.323296,subscribed,UID176
user177@example.com,Name177,Last177,2024-03-25 14:07:22.323296,subscribed,UID177
user178@example.com,Name178,Last178,2023-09-13 14:07:22.323296,subscribed,UID178
user179@example.com,Name179,Last179,2023-09-18 14:07:22.323296,unsubscribed,UID179
user180@example.com,Name180,Last180,2024-06-15 14:07:22.323296,subscribed,UID180
user181@example.com,Name181,Last181,2023-08-14 14:07:22.323296,subscribed,UID181
user182@example.com,Name182,Last182,2024-01-02 14:07:22.323296,subscribed,UID182
user183@example.com,Name183,Last183,2023-10-09 14:07:22.323296,unsubscribed,UID183
user184@example.com,Name184,Last184,2024-06-06 14:07:22.323296,unsubscribed,UID184
user185@example.com,Name185,Last185,2024-04-19 14:07:22.323296,subscribed,UID185
user186@example.com,Name186,Last186,2023-12-13 14:07:22.323296,subscribed,UID186
user187@example.com,Name187,Last187,2024-01-10 14:07:22.323296,subscribed,UID187
user188@example.com,Name188,Last188,2024-02-14 14:07:22.323296,subscribed,UID188
user189@example.com,Name189,Last189,2024-05-17 14:07:22.323296,subscribed,UID189
user190@example.com,Name190,Last190,2024-02-13 14:07:22.323296,subscribed,UID190
user191@example.com,Name191,Last191,2023-08-30 14:07:22.323296,subscribed,UID191
user192@example.com,Name192,Last192,2024-05-06 14:07:22.323296,unsubscribed,UID192
user193@example.com,Name193,Last193,2024-05-03 14:07:22.323296,unsubscribed,UID193
user194@example.com,Name194,Last194,2023-10-11 14:07:22.323296,subscribed,UID194
user195@example.com,Name195,Last195,2024-05-11 14:07:22.323296,subscribed,UID195
user196@example.com,Name196,Last196,2023-09-17 14:07:22.323296,subscribed,UID196
user197@example.com,Name197,Last197,2024-04-12 14:07:22.323296,subscribed,UID197
user198@example.com,Name198,Last198,2024-04-11 14:07:22.323296,unsubscribed,UID198
user199@example.com,Name199,Last199,2023-07-14 14:07:22.323296,unsubscribed,UID199
user200@example.com,Name200,Last200,2023-10-16 14:07:22.323296,subscribed,UID200
user201@example.com,Name201,Last201,2023-09-08 14:07:22.323296,subscribed,UID201
user202@example.com,Name202,Last202,2024-03-23 14:07:22.323296,subscribed,UID202
user203@example.com,Name203,Last203,2024-02-01 14:07:22.323296,subscribed,UID203
user204@example.com,Name204,Last204,2023-09-19 14:07:22.323296,unsubscribed,UID204
user205@example.com,Name205,Last205,2023-08-10 14:07:22.323296,subscribed,UID205
user206@example.com,Name206,Last206,2023-11-12 14:07:22.323296,subscribed,UID206
user207@example.com,Name207,Last207,2024-02-28 14:07:22.323296,subscribed,UID207
user208@example.com,Name208,Last208,2023-09-13 14:07:22.323296,subscribed,UID208
user209@example.com,Name209,Last209,2023-06-28 14:07:22.323296,subscribed,UID209
user210@example.com,Name210,Last210,2024-03-05 14:07:22.323296,subscribed,UID210
user211@example.com,Name211,Last211,2023-06-16 14:07:22.323296,subscribed,UID211
user212@example.com,Name212,Last212,2024-01-08 14:07:22.323296,subscribed,UID212
user213@example.com,Name213,Last213,2023-11-24 14:07:22.323296,subscribed,UID213
user214@example.com,Name214,Last214,2023-07-08 14:07:22.323296,subscribed,UID214
user215@example.com,Name215,Last215,2023-07-19 14:07:22.323296,subscribed,UID215
user216@example.com,Name216,Last216,2023-12-07 14:07:22.323296,subscribed,UID216
user217@example.com,Name217,Last217,2023-11-04 14:07:22.323296,subscribed,UID217
user218@example.com,Name218,Last218,2023-09-25 14:07:22.323296,subscribed,UID218
user219@example.com,Name219,Last219,2023-10-28 14:07:22.323296,subscribed,UID219
user220@example.com,Name220,Last220,2024-04-15 14:07:22.323296,subscribed,UID220
user221@example.com,Name221,Last221,2024-02-10 14:07:22.323296,subscribed,UID221
user222@example.com,Name222,Last222,2024-02-21 14:07:22.323296,subscribed,UID222
user223@example.com,Name223,Last223,2024-05-14 14:07:22.323296,subscribed,UID223
user224@example.com,Name224,Last224,2023-12-25 14:07:22.323296,subscribed,UID224
user225@example.com,Name225,Last225,2024-06-05 14:07:22.323296,subscribed,UID225
user226@example.com,Name226,Last226,2023-08-19 14:07:22.323296,subscribed,UID226
user227@example.com,Name227,Last227,2023-09-06 14:07:22.323296,cleaned,UID227
user228@example.com,Name228,Last228,2024-02-19 14:07:22.323296,subscribed,UID228
user229@example.com,Name229,Last229,2023-08-19 14:07:22.323296,unsubscribed,UID229
user230@example.com,Name230,Last230,2024-02-24 14:07:22.323296,subscribed,UID230
user231@example.com,Name231,Last231,2024-06-12 14:07:22.323296,subscribed,UID231
user232@example.com,Name232,Last232,2024-05-10 14:07:22.323296,subscribed,UID232
user233@example.com,Name233,Last233,2023-06-19 14:07:22.323296,subscribed,UID233
user234@example.com,Name234,Last234,2023-07-28 14:07:22.323296,subscribed,UID234
user235@example.com,Name235,Last235,2024-05-16 14:07:22.323296,subscribed,UID235
user236@example.com,Name236,Last236,2024-02-19 14:07:22.323296,subscribed,UID236
user237@example.com,Name237,Last237,2024-05-12 14:07:22.323296,subscribed,UID237
user238@example.com,Name238,Last238,2024-05-30 14:07:22.323296,subscribed,UID238
user239@example.com,Name239,Last239,2023-12-29 14:07:22.323296,subscribed,UID239
user240@example.com,Name240,Last240,2024-05-10 14:07:22.323296,subscribed,UID240
user241@example.com,Name241,Last241,2023-09-26 14:07:22.323296,unsubscribed,UID241
user242@example.com,Name242,Last242,2024-02-15 14:07:22.323296,cleaned,UID242
user243@example.com,Name243,Last243,2024-01-25 14:07:22.323296,unsubscribed,UID243
user244@example.com,Name244,Last244,2023-07-09 14:07:22.323296,subscribed,UID244
user245@example.com,Name245,Last245,2023-10-11 14:07:22.323296,subscribed,UID245
user246@example.com,Name246,Last246,2024-02-27 14:07:22.323296,unsubscribed,UID246
user247@example.com,Name247,Last247,2023-09-13 14:07:22.323296,subscribed,UID247
user248@example.com,Name248,Last248,2024-04-09 14:07:22.323296,cleaned,UID248
user249@example.com,Name249,Last249,2023-08-28 14:07:22.323296,cleaned,UID249
user250@example.com,Name250,Last250,2023-08-25 14:07:22.323296,unsubscribed,UID250
user251@example.com,Name251,Last251,2023-10-17 14:07:22.323296,subscribed,UID251
user252@example.com,Name252,Last252,2024-02-12 14:07:22.323296,subscribed,UID252
user253@example.com,Name253,Last253,2023-10-17 14:07:22.323296,unsubscribed,UID253
user254@example.com,Name254,Last254,2023-11-20 14:07:22.323296,subscribed,UID254
user255@example.com,Name255,Last255,2024-03-10 14:07:22.323296,subscribed,UID255
user256@example.com,Name256,Last256,2024-04-28 14:07:22.323296,subscribed,UID256
user257@example.com,Name257,Last257,2024-04-27 14:07:22.323296,unsubscribed,UID257
user258@example.com,Name258,Last258,2023-07-14 14:07:22.323296,subscribed,UID258
user259@example.com,Name259,Last259,2023-11-08 14:07:22.323296,subscribed,UID259
user260@example.com,Name260,Last260,2023-12-17 14:07:22.323296,subscribed,UID260
user261@example.com,Name261,Last261,2023-11-12 14:07:22.323296,subscribed,UID261
user262@example.com,Name262,Last262,2023-11-18 14:07:22.323296,cleaned,UID262
user263@example.com,Name263,Last263,2023-10-20 14:07:22.323296,subscribed,UID263
user264@example.com,Name264,Last264,2024-05-19 14:07:22.323296,subscribed,UID264
user265@example.com,Name265,Last265,2023-07-07 14:07:22.323296,unsubscribed,UID265
user266@example.com,Name266,Last266,2023-07-17 14:07:22.323296,subscribed,UID266
user267@example.com,Name267,Last267,2023-07-21 14:07:22.323296,subscribed,UID267
user268@example.com,Name268,Last268,2024-04-26 14:07:22.323296,subscribed,UID268
user269@example.com,Name269,Last269,2024-05-15 14:07:22.323296,subscribed,UID269
user270@example.com,Name270,Last270,2023-11-22 14:07:22.323296,subscribed,UID270
user271@example.com,Name271,Last271,2023-12-25 14:07:22.323296,subscribed,UID271
user272@example.com,Name272,Last272,2024-04-21 14:07:22.323296,subscribed,UID272
user273@example.com,Name273,Last273,2024-02-09 14:07:22.323296,unsubscribed,UID273
user274@example.com,Name274,Last274,2024-03-09 14:07:22.323296,unsubscribed,UID274
user275@example.com,Name275,Last275,2024-03-10 14:07:22.323296,subscribed,UID275
user276@example.com,Name276,Last276,2023-09-15 14:07:22.323296,subscribed,UID276
user277@example.com,Name277,Last277,2023-10-30 14:07:22.323296,subscribed,UID277
user278@example.com,Name278,Last278,2024-04-05 14:07:22.323296,subscribed,UID278
user279@example.com,Name279,Last279,2023-11-12 14:07:22.323296,subscribed,UID279
user280@example.com,Name280,Last280,2024-03-14 14:07:22.323296,subscribed,UID280
user281@example.com,Name281,Last281,2024-01-25 14:07:22.323296,unsubscribed,UID281
user282@example.com,Name282,Last282,2023-10-23 14:07:22.323296,subscribed,UID282
user283@example.com,Name283,Last283,2024-02-09 14:07:22.323296,subscribed,UID283
user284@example.com,Name284,Last284,2024-05-08 14:07:22.323296,subscribed,UID284
user285@example.com,Name285,Last285,2023-11-02 14:07:22.323296,subscribed,UID285
user286@example.com,Name286,Last286,2023-09-08 14:07:22.323296,subscribed,UID286
user287@example.com,Name287,Last287,2024-04-26 14:07:22.323296,subscribed,UID287
user288@example.com,Name288,Last288,2024-05-21 14:07:22.323296,subscribed,UID288
user289@example.com,Name289,Last289,2023-07-18 14:07:22.323296,subscribed,UID289
user290@example.com,Name290,Last290,2023-09-13 14:07:22.323296,subscribed,UID290
user291@example.com,Name291,Last291,2024-06-08 14:07:22.323296,subscribed,UID291
user292@example.com,Name292,Last292,2024-04-29 14:07:22.323296,subscribed,UID292
user293@example.com,Name293,Last293,2024-02-15 14:07:22.323296,subscribed,UID293
user294@example.com,Name294,Last294,2024-03-22 14:07:22.323296,subscribed,UID294
user295@example.com,Name295,Last295,2023-11-20 14:07:22.323296,subscribed,UID295
user296@example.com,Name296,Last296,2023-10-11 14:07:22.323296,subscribed,UID296
user297@example.com,Name297,Last297,2023-10-13 14:07:22.323296,subscribed,UID297
user298@example.com,Name298,Last298,2024-02-27 14:07:22.323296,subscribed,UID298
user299@example.com,Name299,Last299,2023-11-23 14:07:22.323296,subscribed,UID299
user300@example.com,Name300,Last300,2024-05-16 14:07:22.323296,subscribed,UID300
user301@example.com,Name301,Last301,2024-03-23 14:07:22.323296,subscribed,UID301
user302@example.com,Name302,Last302,2023-12-04 14:07:22.323296,subscribed,UID302
user303@example.com,Name303,Last303,2024-06-14 14:07:22.323296,subscribed,UID303
user304@example.com,Name304,Last304,2023-11-29 14:07:22.323296,subscribed,UID304
user305@example.com,Name305,Last305,2024-02-01 14:07:22.323296,subscribed,UID305
user306@example.com,Name306,Last306,2023-10-27 14:07:22.323296,cleaned,UID306
user307@example.com,Name307,Last307,2024-01-21 14:07:22.323296,subscribed,UID307
user308@example.com,Name308,Last308,2023-11-12 14:07:22.323296,subscribed,UID308
user309@example.com,Name309,Last309,2023-06-25 14:07:22.323296,subscribed,UID309
user310@example.com,Name310,Last310,2023-09-05 14:07:22.323296,subscribed,UID310
user311@example.com,Name311,Last311,2023-07-13 14:07:22.323296,subscribed,UID311
user312@example.com,Name312,Last312,2023-10-10 14:07:22.323296,subscribed,UID312
user313@example.com,Name313,Last313,2024-03-28 14:07:22.323296,subscribed,UID313
user314@example.com,Name314,Last314,2024-03-10 14:07:22.323296,cleaned,UID314
user315@example.com,Name315,Last315,2024-01-16 14:07:22.323296,subscribed,UID315
user316@example.com,Name316,Last316,2024-02-25 14:07:22.323296,subscribed,UID316
user317@example.com,Name317,Last317,2024-05-17 14:07:22.323296,subscribed,UID317
user318@example.com,Name318,Last318,2023-08-24 14:07:22.323296,subscribed,UID318
user319@example.com,Name319,Last319,2023-09-12 14:07:22.323296,subscribed,UID319
user320@example.com,Name320,Last320,2024-05-15 14:07:22.323296,subscribed,UID320
user321@example.com,Name321,Last321,2024-01-07 14:07:22.323296,subscribed,UID321
user322@example.com,Name322,Last322,2024-05-17 14:07:22.323296,subscribed,UID322
user323@example.com,Name323,Last323,2024-05-21 14:07:22.323296,subscribed,UID323
user324@example.com,Name324,Last324,2023-08-21 14:07:22.323296,subscribed,UID324
user325@example.com,Name325,Last325,2023-10-15 14:07:22.323296,cleaned,UID325
user326@example.com,Name326,Last326,2023-10-02 14:07:22.323296,subscribed,UID326
user327@example.com,Name327,Last327,2023-09-18 14:07:22.323296,subscribed,UID327
user328@example.com,Name328,Last328,2024-03-27 14:07:22.323296,subscribed,UID328
user329@example.com,Name329,Last329,2024-05-17 14:07:22.323296,subscribed,UID329
user330@example.com,Name330,Last330,2023-09-29 14:07:22.323296,subscribed,UID330
user331@example.com,Name331,Last331,2024-05-05 14:07:22.323296,subscribed,UID331
user332@example.com,Name332,Last332,2024-03-12 14:07:22.323296,subscribed,UID332
user333@example.com,Name333,Last333,2024-05-11 14:07:22.323296,subscribed,UID333
user334@example.com,Name334,Last334,2023-08-16 14:07:22.323296,subscribed,UID334
user335@example.com,Name335,Last335,2024-05-12 14:07:22.323296,subscribed,UID335
user336@example.com,Name336,Last336,2023-07-06 14:07:22.323296,subscribed,UID336
user337@example.com,Name337,Last337,2024-02-16 14:07:22.323296,unsubscribed,UID337
user338@example.com,Name338,Last338,2023-11-22 14:07:22.323296,subscribed,UID338
user339@example.com,Name339,Last339,2024-04-15 14:07:22.323296,subscribed,UID339
user340@example.com,Name340,Last340,2023-08-29 14:07:22.323296,subscribed,UID340
user341@example.com,Name341,Last341,2024-02-10 14:07:22.323296,subscribed,UID341
user342@example.com,Name342,Last342,2023-08-24 14:07:22.323296,subscribed,UID342
user343@example.com,Name343,Last343,2023-08-16 14:07:22.323296,subscribed,UID343
user344@example.com,Name344,Last344,2024-05-26 14:07:22.323296,subscribed,UID344
user345@example.com,Name345,Last345,2023-08-03 14:07:22.323296,subscribed,UID345
user346@example.com,Name346,Last346,2024-05-05 14:07:22.323296,subscribed,UID346
user347@example.com,Name347,Last347,2023-11-14 14:07:22.323296,subscribed,UID347
user348@example.com,Name348,Last348,2023-07-15 14:07:22.323296,subscribed,UID348
user349@example.com,Name349,Last349,2023-08-22 14:07:22.323296,subscribed,UID349
user350@example.com,Name350,Last350,2023-08-31 14:07:22.323296,subscribed,UID350
user351@example.com,Name351,Last351,2023-09-22 14:07:22.323296,subscribed,UID351
user352@example.com,Name352,Last352,2024-01-06 14:07:22.323296,unsubscribed,UID352
user353@example.com,Name353,Last353,2024-02-03 14:07:22.323296,subscribed,UID353
user354@example.com,Name354,Last354,2024-03-03 14:07:22.323296,subscribed,UID354
user355@example.com,Name355,Last355,2023-07-09 14:07:22.323296,subscribed,UID355
user356@example.com,Name356,Last356,2024-01-07 14:07:22.323296,subscribed,UID356
user357@example.com,Name357,Last357,2024-02-14 14:07:22.323296,subscribed,UID357
user358@example.com,Name358,Last358,2024-02-01 14:07:22.323296,subscribed,UID358
user359@example.com,Name359,Last359,2023-11-26 14:07:22.323296,unsubscribed,UID359
user360@example.com,Name360,Last360,2024-04-09 14:07:22.323296,subscribed,UID360
user361@example.com,Name361,Last361,2023-07-08 14:07:22.323296,subscribed,UID361
user362@example.com,Name362,Last362,2023-07-21 14:07:22.323296,subscribed,UID362
user363@example.com,Name363,Last363,2024-01-14 14:07:22.323296,subscribed,UID363
user364@example.com,Name364,Last364,2023-10-25 14:07:22.323296,subscribed,UID364
user365@example.com,Name365,Last365,2024-01-06 14:07:22.323296,unsubscribed,UID365
user366@example.com,Name366,Last366,2024-05-09 14:07:22.323296,subscribed,UID366
user367@example.com,Name367,Last367,2024-06-11 14:07:22.323296,cleaned,UID367
user368@example.com,Name368,Last368,2023-10-25 14:07:22.323296,unsubscribed,UID368
user369@example.com,Name369,Last369,2023-08-02 14:07:22.323296,subscribed,UID369
user370@example.com,Name370,Last370,2023-09-01 14:07:22.323296,subscribed,UID370
user371@example.com,Name371,Last371,2024-04-25 14:07:22.323296,subscribed,UID371
user372@example.com,Name372,Last372,2024-05-09 14:07:22.323296,subscribed,UID372
user373@example.com,Name373,Last373,2023-09-14 14:07:22.323296,subscribed,UID373
user374@example.com,Name374,Last374,2024-02-27 14:07:22.323296,subscribed,UID374
user375@example.com,Name375,Last375,2023-09-30 14:07:22.323296,subscribed,UID375
user376@example.com,Name376,Last376,2024-02-01 14:07:22.323296,subscribed,UID376
user377@example.com,Name377,Last377,2024-04-09 14:07:22.323296,subscribed,UID377
user378@example.com,Name378,Last378,2023-12-20 14:07:22.323296,subscribed,UID378
user379@example.com,Name379,Last379,2024-05-11 14:07:22.323296,subscribed,UID379
user380@example.com,Name380,Last380,2024-02-11 14:07:22.323296,subscribed,UID380
user381@example.com,Name381,Last381,2023-12-09 14:07:22.323296,subscribed,UID381
user382@example.com,Name382,Last382,2024-01-22 14:07:22.323296,subscribed,UID382
user383@example.com,Name383,Last383,2024-03-27 14:07:22.323296,subscribed,UID383
user384@example.com,Name384,Last384,2023-11-04 14:07:22.323296,unsubscribed,UID384
user385@example.com,Name385,Last385,2023-09-11 14:07:22.323296,subscribed,UID385
user386@example.com,Name386,Last386,2023-06-21 14:07:22.323296,subscribed,UID386
user387@example.com,Name387,Last387,2024-01-13 14:07:22.323296,subscribed,UID387
user388@example.com,Name388,Last388,2023-08-07 14:07:22.323296,subscribed,UID388
user389@example.com,Name389,Last389,2023-07-17 14:07:22.323296,subscribed,UID389
user390@example.com,Name390,Last390,2023-09-19 14:07:22.323296,subscribed,UID390
user391@example.com,Name391,Last391,2024-06-11 14:07:22.323296,cleaned,UID391
user392@example.com,Name392,Last392,2023-07-10 14:07:22.323296,subscribed,UID392
user393@example.com,Name393,Last393,2023-09-06 14:07:22.323296,subscribed,UID393
user394@example.com,Name394,Last394,2024-01-14 14:07:22.323296,subscribed,UID394
user395@example.com,Name395,Last395,2023-07-12 14:07:22.323296,subscribed,UID395
user396@example.com,Name396,Last396,2024-04-23 14:07:22.323296,unsubscribed,UID396
user397@example.com,Name397,Last397,2024-04-08 14:07:22.323296,unsubscribed,UID397
user398@example.com,Name398,Last398,2024-02-01 14:07:22.323296,subscribed,UID398
user399@example.com,Name399,Last399,2024-04-17 14:07:22.323296,subscribed,UID399
user400@example.com,Name400,Last400,2024-04-22 14:07:22.323296,subscribed,UID400
user401@example.com,Name401,Last401,2023-09-06 14:07:22.323296,subscribed,UID401
user402@example.com,Name402,Last402,2024-03-28 14:07:22.323296,unsubscribed,UID402
user403@example.com,Name403,Last403,2024-01-28 14:07:22.323296,subscribed,UID403
user404@example.com,Name404,Last404,2024-01-23 14:07:22.323296,subscribed,UID404
user405@example.com,Name405,Last405,2023-08-11 14:07:22.323296,subscribed,UID405
user406@example.com,Name406,Last406,2024-02-29 14:07:22.323296,unsubscribed,UID406
user407@example.com,Name407,Last407,2023-12-23 14:07:22.323296,subscribed,UID407
user408@example.com,Name408,Last408,2024-03-03 14:07:22.323296,subscribed,UID408
user409@example.com,Name409,Last409,2023-06-30 14:07:22.323296,unsubscribed,UID409
user410@example.com,Name410,Last410,2023-07-27 14:07:22.323296,subscribed,UID410
user411@example.com,Name411,Last411,2024-02-01 14:07:22.323296,subscribed,UID411
user412@example.com,Name412,Last412,2023-10-01 14:07:22.323296,cleaned,UID412
user413@example.com,Name413,Last413,2023-10-09 14:07:22.323296,cleaned,UID413
user414@example.com,Name414,Last414,2024-02-08 14:07:22.323296,subscribed,UID414
user415@example.com,Name415,Last415,2024-05-20 14:07:22.323296,subscribed,UID415
user416@example.com,Name416,Last416,2024-04-29 14:07:22.323296,subscribed,UID416
user417@example.com,Name417,Last417,2023-07-27 14:07:22.323296,subscribed,UID417
user418@example.com,Name418,Last418,2023-11-12 14:07:22.323296,subscribed,UID418
user419@example.com,Name419,Last419,2024-01-26 14:07:22.323296,subscribed,UID419
user420@example.com,Name420,Last420,2024-05-24 14:07:22.323296,subscribed,UID420
user421@example.com,Name421,Last421,2024-06-14 14:07:22.323296,subscribed,UID421
user422@example.com,Name422,Last422,2023-12-28 14:07:22.323296,subscribed,UID422
user423@example.com,Name423,Last423,2024-04-10 14:07:22.323296,subscribed,UID423
user424@example.com,Name424,Last424,2023-07-25 14:07:22.323296,subscribed,UID424
user425@example.com,Name425,Last425,2024-02-02 14:07:22.323296,subscribed,UID425
user426@example.com,Name426,Last426,2024-03-25 14:07:22.323296,subscribed,UID426
user427@example.com,Name427,Last427,2023-11-02 14:07:22.323296,subscribed,UID427
user428@example.com,Name428,Last428,2023-09-07 14:07:22.323296,unsubscribed,UID428
user429@example.com,Name429,Last429,2023-06-20 14:07:22.323296,subscribed,UID429
user430@example.com,Name430,Last430,2023-11-10 14:07:22.323296,subscribed,UID430
user431@example.com,Name431,Last431,2023-09-02 14:07:22.323296,subscribed,UID431
user432@example.com,Name432,Last432,2024-06-11 14:07:22.323296,subscribed,UID432
user433@example.com,Name433,Last433,2024-04-19 14:07:22.323296,subscribed,UID433
user434@example.com,Name434,Last434,2024-05-08 14:07:22.323296,subscribed,UID434
user435@example.com,Name435,Last435,2023-06-28 14:07:22.323296,subscribed,UID435
user436@example.com,Name436,Last436,2024-03-31 14:07:22.323296,subscribed,UID436
user437@example.com,Name437,Last437,2023-09-10 14:07:22.323296,subscribed,UID437
user438@example.com,Name438,Last438,2024-05-28 14:07:22.323296,subscribed,UID438
user439@example.com,Name439,Last439,2023-12-09 14:07:22.323296,subscribed,UID439
user440@example.com,Name440,Last440,2023-08-22 14:07:22.323296,subscribed,UID440
user441@example.com,Name441,Last441,2023-09-07 14:07:22.323296,subscribed,UID441
user442@example.com,Name442,Last442,2024-04-01 14:07:22.323296,cleaned,UID442
user443@example.com,Name443,Last443,2023-11-08 14:07:22.323296,subscribed,UID443
user444@example.com,Name444,Last444,2024-04-11 14:07:22.323296,subscribed,UID444
user445@example.com,Name445,Last445,2024-05-25 14:07:22.323296,subscribed,UID445
user446@example.com,Name446,Last446,2024-01-10 14:07:22.323296,unsubscribed,UID446
user447@example.com,Name447,Last447,2023-12-12 14:07:22.323296,cleaned,UID447
user448@example.com,Name448,Last448,2024-05-26 14:07:22.323296,subscribed,UID448
user449@example.com,Name449,Last449,2023-12-15 14:07:22.323296,subscribed,UID449
user450@example.com,Name450,Last450,2024-02-29 14:07:22.323296,subscribed,UID450
user451@example.com,Name451,Last451,2023-07-02 14:07:22.323296,subscribed,UID451
user452@example.com,Name452,Last452,2024-02-09 14:07:22.323296,subscribed,UID452
user453@example.com,Name453,Last453,2023-07-10 14:07:22.323296,subscribed,UID453
user454@example.com,Name454,Last454,2024-04-24 14:07:22.323296,unsubscribed,UID454
user455@example.com,Name455,Last455,2023-12-17 14:07:22.323296,subscribed,UID455
user456@example.com,Name456,Last456,2023-09-03 14:07:22.323296,subscribed,UID456
user457@example.com,Name457,Last457,2023-11-20 14:07:22.323296,subscribed,UID457
user458@example.com,Name458,Last458,2023-08-03 14:07:22.323296,subscribed,UID458
user459@example.com,Name459,Last459,2024-03-28 14:07:22.323296,subscribed,UID459
user460@example.com,Name460,Last460,2024-02-15 14:07:22.323296,subscribed,UID460
user461@example.com,Name461,Last461,2024-03-24 14:07:22.323296,subscribed,UID461
user462@example.com,Name462,Last462,2024-03-17 14:07:22.323296,subscribed,UID462
user463@example.com,Name463,Last463,2023-11-17 14:07:22.323296,subscribed,UID463
user464@example.com,Name464,Last464,2024-06-03 14:07:22.323296,subscribed,UID464
user465@example.com,Name465,Last465,2024-03-16 14:07:22.323296,cleaned,UID465
user466@example.com,Name466,Last466,2023-12-28 14:07:22.323296,subscribed,UID466
user467@example.com,Name467,Last467,2023-11-18 14:07:22.323296,subscribed,UID467
user468@example.com,Name468,Last468,2023-07-09 14:07:22.323296,unsubscribed,UID468
user469@example.com,Name469,Last469,2024-02-09 14:07:22.323296,subscribed,UID469
user470@example.com,Name470,Last470,2024-01-31 14:07:22.323296,cleaned,UID470
user471@example.com,Name471,Last471,2024-03-26 14:07:22.323296,subscribed,UID471
user472@example.com,Name472,Last472,2023-06-22 14:07:22.323296,cleaned,UID472
user473@example.com,Name473,Last473,2024-04-21 14:07:22.323296,subscribed,UID473
user474@example.com,Name474,Last474,2023-12-03 14:07:22.323296,unsubscribed,UID474
user475@example.com,Name475,Last475,2024-05-27 14:07:22.323296,subscribed,UID475
user476@example.com,Name476,Last476,2023-10-19 14:07:22.323296,cleaned,UID476
user477@example.com,Name477,Last477,2024-02-23 14:07:22.323296,subscribed,UID477
user478@example.com,Name478,Last478,2024-03-05 14:07:22.323296,subscribed,UID478
user479@example.com,Name479,Last479,2023-10-24 14:07:22.323296,cleaned,UID479
user480@example.com,Name480,Last480,2023-12-19 14:07:22.323296,subscribed,UID480
user481@example.com,Name481,Last481,2024-01-11 14:07:22.323296,subscribed,UID481
user482@example.com,Name482,Last482,2024-02-20 14:07:22.323296,subscribed,UID482
user483@example.com,Name483,Last483,2024-02-22 14:07:22.323296,subscribed,UID483
user484@example.com,Name484,Last484,2024-06-03 14:07:22.323296,subscribed,UID484
user485@example.com,Name485,Last485,2023-07-14 14:07:22.323296,subscribed,UID485
user486@example.com,Name486,Last486,2024-03-09 14:07:22.323296,unsubscribed,UID486
user487@example.com,Name487,Last487,2023-11-24 14:07:22.323296,subscribed,UID487
user488@example.com,Name488,Last488,2023-12-30 14:07:22.323296,subscribed,UID488
user489@example.com,Name489,Last489,2024-01-25 14:07:22.323296,cleaned,UID489
user490@example.com,Name490,Last490,2024-05-11 14:07:22.323296,unsubscribed,UID490
user491@example.com,Name491,Last491,2024-01-25 14:07:22.323296,subscribed,UID491
user492@example.com,Name492,Last492,2023-12-19 14:07:22.323296,subscribed,UID492
user493@example.com,Name493,Last493,2023-07-23 14:07:22.323296,subscribed,UID493
user494@example.com,Name494,Last494,2023-09-29 14:07:22.323296,subscribed,UID494
user495@example.com,Name495,Last495,2023-11-24 14:07:22.323296,subscribed,UID495
user496@example.com,Name496,Last496,2023-07-04 14:07:22.323296,subscribed,UID496
user497@example.com,Name497,Last497,2023-09-15 14:07:22.323296,subscribed,UID497
user498@example.com,Name498,Last498,2023-12-29 14:07:22.323296,subscribed,UID498
user499@example.com,Name499,Last499,2024-06-01 14:07:22.323296,cleaned,UID499
user500@example.com,Name500,Last500,2024-04-17 14:07:22.323296,cleaned,UID500
